Stream,NP,Meter,Date,NO3-N,NH4-N,DIN,PO4-P
WS06,32,17,2011-07-13,663,233,896,
WS06,32,34,2011-07-13,539,246,785,
WS06,32,52,2011-07-13,560,192,752,65
WS06,32,70,2011-07-13,758,176,934,
WS07,128,17,2011-07-13,277,176,453,10
WS07,128,34,2011-07-13,447,480,927,13
WS07,128,52,2011-07-13,316,81,397,7
WS07,128,70,2011-07-13,351,101,452,6
WS08,16,17,2011-07-13,504,324,828,
WS08,16,34,2011-07-13,530,188,718,84
WS08,16,52,2011-07-13,740,158,898,72
WS08,16,70,2011-07-13,767,269,1036,
WS09,2,17,2011-07-13,69,116,185,8
WS09,2,34,2011-07-13,57,13,70,25
WS09,2,52,2011-07-13,110,113,223,85
WS09,2,70,2011-07-13,142,63,205,147
WS10,8,17,2011-07-13,270,144,414,134
WS10,8,34,2011-07-13,264,138,402,149
WS10,8,52,2011-07-13,206,136,342,144
WS10,8,70,2011-07-13,246,147,393,
WS06,32,20,2011-07-16,521,265,786,
WS06,32,30,2011-07-16,687,283,970,
WS06,32,60,2011-07-16,391,120,511,
WS07,128,10,2011-07-16,,,,10
WS07,128,20,2011-07-16,275,161,436,16
WS07,128,30,2011-07-16,,,,13
WS07,128,40,2011-07-16,258,118,376,10
WS07,128,50,2011-07-16,,,,13
WS07,128,60,2011-07-16,,,,13
WS07,128,70,2011-07-16,,,,10
WS08,16,10,2011-07-16,,,,55
WS08,16,20,2011-07-16,,,,81
WS08,16,30,2011-07-16,351,152,503,57
WS08,16,40,2011-07-16,339,130,469,55
WS08,16,50,2011-07-16,,,,55
WS08,16,60,2011-07-16,950,195,1145,
WS08,16,70,2011-07-16,,,,89
WS09,2,10,2011-07-16,58,249,307,68
WS09,2,20,2011-07-16,83,126,209,124
WS09,2,30,2011-07-16,156,251,407,133
WS09,2,40,2011-07-16,42,363,405,68
WS09,2,50,2011-07-16,70,178,248,23
WS09,2,60,2011-07-16,59,230,289,32
WS09,2,70,2011-07-16,42,31,73,33
WS10,8,10,2011-07-16,,,,125
WS10,8,20,2011-07-16,245,188,433,123
WS10,8,30,2011-07-16,,,,124
WS10,8,40,2011-07-16,313,127,440,152
WS10,8,50,2011-07-16,,,,149
WS10,8,60,2011-07-16,,,,136
WS10,8,70,2011-07-16,404,213,617,112
WS06,32,10,2011-07-19,371,341,712,34
WS06,32,20,2011-07-19,,,,80
WS06,32,30,2011-07-19,,,,
WS06,32,40,2011-07-19,,,,62
WS06,32,50,2011-07-19,688,372,1060,71
WS06,32,60,2011-07-19,944,333,1277,66
WS06,32,70,2011-07-19,948,282,1230,38
WS07,128,10,2011-07-19,169,109,278,7
WS07,128,20,2011-07-19,163,141,304,2
WS07,128,30,2011-07-19,246,126,372,2
WS07,128,40,2011-07-19,246,91,337,13
WS07,128,50,2011-07-19,272,119,391,6
WS07,128,60,2011-07-19,127,277,404,2
WS07,128,70,2011-07-19,388,235,623,7
WS08,16,10,2011-07-19,302,347,649,36
WS08,16,20,2011-07-19,,,,94
WS08,16,30,2011-07-19,,,,60
WS08,16,40,2011-07-19,571,243,814,65
WS08,16,50,2011-07-19,426,187,613,40
WS08,16,60,2011-07-19,,,,60
WS08,16,70,2011-07-19,,,,50
WS09,2,10,2011-07-19,23,18,41,28
WS09,2,20,2011-07-19,,,,24
WS09,2,30,2011-07-19,118,149,267,23
WS09,2,40,2011-07-19,75,46,121,27
WS09,2,50,2011-07-19,108,67,175,39
WS09,2,60,2011-07-19,29,107,136,28
WS09,2,70,2011-07-19,215,58,273,38
WS10,8,10,2011-07-19,158,88,246,21
WS10,8,20,2011-07-19,129,156,285,103
WS10,8,30,2011-07-19,,,,81
WS10,8,40,2011-07-19,217,134,351,98
WS10,8,50,2011-07-19,269,111,380,78
WS10,8,60,2011-07-19,137,114,251,82
WS10,8,70,2011-07-19,,,,111
WS06,32,17,2011-07-22,714,266,980,
WS06,32,17,2011-07-22,588,386,974,62
WS06,32,34,2011-07-22,290,286,576,60
WS06,32,52,2011-07-22,764,218,982,62
WS06,32,70,2011-07-22,749,142,891,55
WS06,32,70,2011-07-22,968,168,1136,49
WS07,128,17,2011-07-22,111,50,161,6
WS07,128,17,2011-07-22,155,96,251,6
WS07,128,34,2011-07-22,,,,13
WS07,128,52,2011-07-22,800,239,1039,7
WS07,128,70,2011-07-22,,,,11
WS07,128,70,2011-07-22,791,282,1073,8
WS08,16,17,2011-07-22,78,22,100,9
WS08,16,17,2011-07-22,6,0,6,5
WS08,16,34,2011-07-22,153,16,169,17
WS08,16,52,2011-07-22,0,12,12,15
WS08,16,70,2011-07-22,0,85,85,21
WS09,2,17,2011-07-22,61,27,88,52
WS09,2,17,2011-07-22,0,0,0,33
WS09,2,34,2011-07-22,20,6,26,46
WS09,2,52,2011-07-22,59,21,80,76
WS09,2,70,2011-07-22,85,95,180,99
WS09,2,70,2011-07-22,76,20,96,96
WS10,8,17,2011-07-22,338,230,568,
WS10,8,17,2011-07-22,0,163,163,157
WS10,8,34,2011-07-22,291,149,440,140
WS10,8,52,2011-07-22,291,129,420,125
WS10,8,70,2011-07-22,295,133,428,133
WS10,8,70,2011-07-22,341,132,473,111
WS06,32,17,2011-07-25,,,,
WS06,32,34,2011-07-25,,,,49
WS06,32,52,2011-07-25,,,,
WS06,32,70,2011-07-25,,,,
WS07,128,17,2011-07-25,,,,3
WS07,128,34,2011-07-25,,,,2
WS07,128,52,2011-07-25,748,337,1085,17
WS07,128,70,2011-07-25,,,,7
WS08,16,17,2011-07-25,40,653,693,86
WS08,16,34,2011-07-25,507,123,630,16
WS08,16,52,2011-07-25,658,467,1125,35
WS08,16,70,2011-07-25,729,552,1281,46
WS09,2,17,2011-07-25,0,97,97,25
WS09,2,34,2011-07-25,148,80,228,18
WS09,2,52,2011-07-25,116,47,163,5
WS09,2,70,2011-07-25,0,77,77,30
WS10,8,17,2011-07-25,169,72,241,48
WS10,8,34,2011-07-25,0,87,87,63
WS10,8,52,2011-07-25,204,121,325,92
WS10,8,70,2011-07-25,,,,94
WS06,32,17,2011-08-03,1302,,1302,54
WS06,32,34,2011-08-03,897,509,1406,
WS06,32,52,2011-08-03,718,124,842,57
WS06,32,70,2011-08-03,866,107,973,78
WS07,128,17,2011-08-03,,,,
WS07,128,34,2011-08-03,,,,29
WS07,128,52,2011-08-03,,,,7
WS07,128,70,2011-08-03,,,,19
WS08,16,17,2011-08-03,,,,84
WS08,16,34,2011-08-03,554,85,639,29
WS08,16,52,2011-08-03,520,107,627,28
WS08,16,70,2011-08-03,1193,59,1252,19
WS09,2,17,2011-08-03,186,11,197,25
WS09,2,34,2011-08-03,33,30,63,14
WS09,2,52,2011-08-03,,,,61
WS09,2,70,2011-08-03,,,,53
WS10,8,17,2011-08-03,109,100,209,68
WS10,8,34,2011-08-03,112,73,185,71
WS10,8,52,2011-08-03,160,86,246,103
WS10,8,70,2011-08-03,347,273,620,88
WS06,32,17,2011-08-15,538,194,732,45
WS06,32,34,2011-08-15,616,338,954,48
WS06,32,52,2011-08-15,635,705,1340,37
WS06,32,70,2011-08-15,729,110,839,43
WS07,128,17,2011-08-15,401,233,634,12
WS07,128,34,2011-08-15,459,581,1040,13
WS07,128,52,2011-08-15,418,71,489,16
WS07,128,70,2011-08-15,,,,12
WS08,16,17,2011-08-15,329,318,647,52
WS08,16,34,2011-08-15,278,183,461,6
WS08,16,52,2011-08-15,,,,
WS08,16,70,2011-08-15,307,78,385,16
WS09,2,6,2011-08-15,125,207,332,85
WS09,2,17,2011-08-15,90,51,141,13
WS09,2,27,2011-08-15,44,44,88,14
WS09,2,34,2011-08-15,18,49,67,9
WS10,8,17,2011-08-15,170,136,306,81
WS10,8,34,2011-08-15,212,154,366,105
WS10,8,52,2011-08-15,182,104,286,88
WS10,8,70,2011-08-15,,,,118
WS06,32,17,2011-08-22,220,91,311,16
WS06,32,34,2011-08-22,520,220,740,50
WS06,32,52,2011-08-22,906,163,1069,58
WS06,32,70,2011-08-22,1127,119,1246,50
WS07,128,17,2011-08-22,788,353,1141,6
WS07,128,34,2011-08-22,,,,
WS07,128,52,2011-08-22,,,,19
WS07,128,70,2011-08-22,,,,
WS08,16,17,2011-08-22,580,264,844,69
WS08,16,34,2011-08-22,740,168,908,48
WS08,16,52,2011-08-22,727,282,1009,71
WS08,16,70,2011-08-22,,,,82
WS09,2,6,2011-08-22,0,74,74,17
WS09,2,17,2011-08-22,80,52,132,42
WS09,2,34,2011-08-22,0,0,0,22
WS09,2,40,2011-08-22,60,31,91,23
WS10,8,17,2011-08-22,,,,84
WS10,8,34,2011-08-22,0,500,500,160
WS10,8,52,2011-08-22,242,92,334,109
WS10,8,70,2011-08-22,0,63,63,97
WS06,32,10,2011-09-06,231,11,242,8
WS06,32,17,2011-09-06,159,29,188,9
WS06,32,70,2011-09-06,239,80,319,23
WS07,128,10,2011-09-06,239,162,401,9
WS07,128,17,2011-09-06,222,145,367,8
WS07,128,70,2011-09-06,244,115,359,10
WS08,16,10,2011-09-06,19,18,37,8
WS08,16,17,2011-09-06,76,45,121,13
WS08,16,70,2011-09-06,121,49,170,18
WS09,2,10,2011-09-06,0,7,7,10
WS09,2,17,2011-09-06,10,20,30,37
WS09,2,70,2011-09-06,25,22,47,35
WS10,8,10,2011-09-06,150,61,211,65
WS10,8,17,2011-09-06,94,38,132,47
WS10,8,70,2011-09-06,219,101,320,119
WS06,32,10,2011-09-13,127,83,210,22
WS06,32,17,2011-09-13,180,59,239,50
WS06,32,70,2011-09-13,276,50,326,55
WS07,128,10,2011-09-13,86,73,159,16
WS07,128,17,2011-09-13,337,274,611,22
WS07,128,70,2011-09-13,279,50,329,17
WS08,16,10,2011-09-13,132,51,183,30
WS08,16,17,2011-09-13,170,118,288,33
WS08,16,70,2011-09-13,,176,,66
WS09,2,10,2011-09-13,14,21,35,20
WS09,2,17,2011-09-13,21,7,28,46
WS09,2,70,2011-09-13,7,7,14,19
WS10,8,10,2011-09-13,50,33,83,130
WS10,8,17,2011-09-13,153,104,257,174
WS10,8,70,2011-09-13,232,123,355,168
WS06,32,10,2011-09-20,400,120,520,
WS06,32,17,2011-09-20,483,82,565,41
WS06,32,70,2011-09-20,,4,,47
WS07,128,10,2011-09-20,336,215,551,5
WS07,128,17,2011-09-20,472,164,636,10
WS07,128,70,2011-09-20,,145,,7
WS08,16,10,2011-09-20,588,300,888,
WS08,16,17,2011-09-20,,333,,
WS08,16,70,2011-09-20,,43,,28
WS09,2,10,2011-09-20,26,21,47,5
WS09,2,17,2011-09-20,25,12,37,23
WS09,2,70,2011-09-20,5,7,12,2
WS10,8,10,2011-09-20,186,86,272,132
WS10,8,17,2011-09-20,184,1,185,144
WS10,8,70,2011-09-20,244,64,308,139
WS06,32,10,2011-09-27,136,103,239,40
WS06,32,17,2011-09-27,1222,158,1380,45
WS06,32,70,2011-09-27,1209,90,1299,46
WS07,128,10,2011-09-27,52,40,92,2
WS07,128,17,2011-09-27,41,68,109,2
WS07,128,70,2011-09-27,957,144,1101,7
WS08,16,10,2011-09-27,35,24,59,12
WS08,16,17,2011-09-27,41,73,114,18
WS08,16,70,2011-09-27,129,57,186,27
WS09,2,10,2011-09-27,22,22,44,6
WS09,2,17,2011-09-27,50,115,165,7
WS09,2,70,2011-09-27,18,10,28,29
WS10,8,10,2011-09-27,,,,
WS10,8,17,2011-09-27,387,183,570,
WS10,8,70,2011-09-27,,,,
WS06,32,10,2011-10-10,366,95,461,23
WS06,32,17,2011-10-10,288,0,288,25
WS06,32,70,2011-10-10,603,3,607,37
WS07,128,10,2011-10-10,87,60,148,2
WS07,128,17,2011-10-10,35,23,58,2
WS07,128,70,2011-10-10,498,189,687,3
WS08,16,10,2011-10-10,262,74,336,82
WS08,16,17,2011-10-10,610,401,1012,
WS08,16,70,2011-10-10,,,,86
WS09,2,10,2011-10-10,35,57,92,4
WS09,2,17,2011-10-10,32,10,42,33
WS09,2,70,2011-10-10,81,28,109,28
WS10,8,10,2011-10-10,136,1,137,155
WS10,8,17,2011-10-10,284,68,352,137
WS10,8,70,2011-10-10,121,8,129,121
WS06,32,10,2011-10-24,312,0,312,30
WS06,32,17,2011-10-24,181,0,181,37
WS06,32,70,2011-10-24,418,0,418,28
WS07,128,10,2011-10-24,85,1,86,2
WS07,128,17,2011-10-24,178,32,210,2
WS07,128,70,2011-10-24,312,68,381,2
WS08,16,10,2011-10-24,101,1,102,18
WS08,16,17,2011-10-24,290,32,321,72
WS08,16,70,2011-10-24,573,68,641,
WS09,2,10,2011-10-24,0,0,0,25
WS09,2,17,2011-10-24,26,163,189,103
WS09,2,70,2011-10-24,0,1,1,63
WS10,8,10,2011-10-24,189,3,192,114
WS10,8,17,2011-10-24,157,0,157,149
WS10,8,70,2011-10-24,237,2,239,
WS06,32,10,2011-11-06,200,113,314,60
WS06,32,17,2011-11-06,309,153,462,68
WS06,32,70,2011-11-06,540,31,571,48
WS07,128,10,2011-11-06,13,27,40,2
WS07,128,17,2011-11-06,73,104,177,2
WS07,128,70,2011-11-06,188,155,344,2
WS08,16,10,2011-11-06,74,87,161,56
WS08,16,17,2011-11-06,155,46,201,47
WS08,16,70,2011-11-06,547,224,771,90
WS09,2,10,2011-11-06,21,115,136,33
WS09,2,17,2011-11-06,47,67,113,41
WS09,2,70,2011-11-06,25,10,35,107
WS10,8,10,2011-11-06,105,66,170,87
WS10,8,17,2011-11-06,84,30,114,107
WS10,8,70,2011-11-06,275,99,373,
WS06,32,10,2011-11-21,200,293,492,2
WS06,32,17,2011-11-21,252,7,259,34
WS06,32,70,2011-11-21,85,0,85,25
WS07,128,10,2011-11-21,27,24,50,6
WS07,128,17,2011-11-21,38,0,38,2
WS07,128,70,2011-11-21,282,83,365,2
WS08,16,10,2011-11-21,88,0,88,24
WS08,16,17,2011-11-21,257,0,257,70
WS08,16,70,2011-11-21,505,310,814,80
WS09,2,10,2011-11-21,7,30,37,60
WS09,2,17,2011-11-21,35,0,35,61
WS09,2,70,2011-11-21,175,9,184,71
WS10,8,10,2011-11-21,299,0,299,172
WS10,8,17,2011-11-21,366,200,566,
WS10,8,70,2011-11-21,,,,168
WS06,32,10,2011-12-04,130,653,782,19
WS06,32,17,2011-12-04,5,0,5,30
WS06,32,70,2011-12-04,158,333,491,17
WS07,128,10,2011-12-04,118,177,295,2
WS07,128,17,2011-12-04,0,0,0,5
WS07,128,70,2011-12-04,163,346,510,2
WS08,16,10,2011-12-04,10,0,10,18
WS08,16,17,2011-12-04,0,0,0,2
WS08,16,70,2011-12-04,196,36,232,27
WS09,2,10,2011-12-04,142,91,233,60
WS09,2,17,2011-12-04,162,141,304,72
WS09,2,70,2011-12-04,79,121,199,78
WS10,8,10,2011-12-04,132,132,265,
WS10,8,17,2011-12-04,254,181,434,11
WS10,8,70,2011-12-04,,,,58
WS06,32,10,2011-12-18,50,64,114,15
WS06,32,17,2011-12-18,91,157,248,9
WS06,32,70,2011-12-18,81,69,150,24
WS07,128,10,2011-12-18,30,33,63,12
WS07,128,17,2011-12-18,64,266,330,14
WS07,128,70,2011-12-18,54,75,129,
WS08,16,10,2011-12-18,8,1,9,11
WS08,16,17,2011-12-18,15,72,87,14
WS08,16,70,2011-12-18,123,1,124,38
WS09,2,10,2011-12-18,15,40,55,76
WS09,2,17,2011-12-18,16,0,16,51
WS09,2,70,2011-12-18,15,0,15,105
WS10,8,10,2011-12-18,191,99,290,16
WS10,8,17,2011-12-18,256,4,260,34
WS10,8,70,2011-12-18,,,,69
WS06,32,10,2011-12-30,215,597,811,18
WS06,32,17,2011-12-30,198,0,198,21
WS06,32,70,2011-12-30,250,22,272,30
WS07,128,10,2011-12-30,80,269,350,18
WS07,128,17,2011-12-30,59,75,133,23
WS07,128,70,2011-12-30,79,32,112,16
WS08,16,10,2011-12-30,35,41,76,16
WS08,16,17,2011-12-30,,,,21
WS08,16,70,2011-12-30,100,269,369,31
WS09,2,10,2011-12-30,2,0,2,54
WS09,2,17,2011-12-30,140,267,407,81
WS09,2,70,2011-12-30,20,0,20,108
WS10,8,10,2011-12-30,109,0,109,25
WS10,8,17,2011-12-30,,,,22
WS10,8,70,2011-12-30,251,169,419,49
WS06,32,10,2012-01-23,227,15,242,3
WS06,32,17,2012-01-23,197,93,289,4
WS06,32,70,2012-01-23,125,37,162,17
WS07,128,10,2012-01-23,58,97,155,2
WS07,128,17,2012-01-23,135,172,307,2
WS07,128,70,2012-01-23,66,46,112,3
WS08,16,10,2012-01-23,114,69,183,14
WS08,16,17,2012-01-23,85,72,157,18
WS08,16,70,2012-01-23,110,48,158,16
WS09,2,10,2012-01-23,36,62,97,60
WS09,2,17,2012-01-23,85,75,160,25
WS09,2,70,2012-01-23,99,68,167,141
WS10,8,10,2012-01-23,132,30,162,10
WS10,8,17,2012-01-23,113,13,126,9
WS10,8,70,2012-01-23,172,58,230,37
WS06,32,10,2012-02-06,261,131,392,10
WS06,32,17,2012-02-06,172,86,258,12
WS06,32,70,2012-02-06,226,113,339,14
WS07,128,10,2012-02-06,36,18,54,5
WS07,128,17,2012-02-06,28,14,42,
WS07,128,70,2012-02-06,171,86,257,3
WS08,16,10,2012-02-06,49,25,74,5
WS08,16,17,2012-02-06,59,30,89,15
WS08,16,70,2012-02-06,97,49,146,35
WS09,2,10,2012-02-06,24,12,36,13
WS09,2,17,2012-02-06,46,23,69,61
WS09,2,70,2012-02-06,52,26,78,70
WS10,8,10,2012-02-06,149,75,224,13
WS10,8,17,2012-02-06,224,112,336,29
WS10,8,70,2012-02-06,139,70,209,55
WS06,32,10,2012-02-27,212,106,318,8
WS06,32,17,2012-02-27,96,48,144,12
WS06,32,70,2012-02-27,184,92,276,12
WS07,128,10,2012-02-27,270,135,405,3
WS07,128,10,2012-02-27,83,42,125,2
WS07,128,17,2012-02-27,143,72,215,4
WS08,16,10,2012-02-27,107,54,161,35
WS08,16,17,2012-02-27,140,70,210,66
WS08,16,70,2012-02-27,96,48,144,40
WS09,2,10,2012-02-27,27,14,41,31
WS09,2,17,2012-02-27,22,11,33,14
WS09,2,70,2012-02-27,56,28,84,105
WS10,8,10,2012-02-27,182,91,273,14
WS10,8,17,2012-02-27,149,75,224,9
WS10,8,70,2012-02-27,168,84,252,72
WS06,32,10,2012-03-12,167,84,251,2
WS06,32,17,2012-03-12,229,115,344,7
WS06,32,70,2012-03-12,142,71,213,2
WS07,128,10,2012-03-12,123,62,185,2
WS07,128,17,2012-03-12,169,85,254,4
WS07,128,70,2012-03-12,330,165,495,2
WS08,16,10,2012-03-12,92,46,138,2
WS08,16,17,2012-03-12,101,51,152,25
WS08,16,17,2012-03-12,212,106,318,12
WS08,16,70,2012-03-12,333,167,500,65
WS09,2,10,2012-03-12,25,13,38,32
WS09,2,17,2012-03-12,37,19,56,41
WS09,2,70,2012-03-12,48,24,72,55
WS10,8,10,2012-03-12,142,71,213,6
WS10,8,17,2012-03-12,149,75,224,18
WS10,8,70,2012-03-12,102,51,153,3
WS06,32,10,2012-03-26,229,115,344,
WS06,32,17,2012-03-26,115,58,173,30
WS06,32,70,2012-03-26,291,146,437,14
WS07,128,10,2012-03-26,110,55,165,7
WS07,128,17,2012-03-26,115,58,173,2
WS07,128,70,2012-03-26,338,169,507,8
WS08,16,10,2012-03-26,215,108,323,50
WS08,16,17,2012-03-26,,,,39
WS08,16,70,2012-03-26,420,210,630,58
WS09,2,10,2012-03-26,39,20,59,35
WS09,2,17,2012-03-26,8,4,12,17
WS09,2,70,2012-03-26,0,0,0,56
WS10,8,10,2012-03-26,95,48,143,4
WS10,8,17,2012-03-26,57,29,86,35
WS10,8,70,2012-03-26,96,48,144,35
WS06,32,10,2012-04-09,633,317,950,15
WS06,32,17,2012-04-09,214,107,321,17
WS06,32,70,2012-04-09,282,141,423,21
WS07,128,10,2012-04-09,68,34,102,3
WS07,128,17,2012-04-09,157,79,236,4
WS07,128,70,2012-04-09,251,126,377,8
WS08,16,10,2012-04-09,47,24,71,14
WS08,16,17,2012-04-09,145,73,218,29
WS08,16,70,2012-04-09,270,135,405,50
WS09,2,10,2012-04-09,26,13,39,11
WS09,2,17,2012-04-09,106,53,159,36
WS09,2,70,2012-04-09,84,42,126,56
WS10,8,10,2012-04-09,127,64,191,2
WS10,8,17,2012-04-09,129,65,194,3
WS10,8,70,2012-04-09,44,22,66,53
WS06,32,10,2012-04-21,175,88,263,19
WS06,32,17,2012-04-21,160,80,240,13
WS06,32,70,2012-04-21,146,73,219,16
WS07,128,10,2012-04-21,117,59,176,
WS07,128,17,2012-04-21,84,42,126,5
WS07,128,70,2012-04-21,103,52,155,6
WS08,16,10,2012-04-21,172,86,258,54
WS08,16,17,2012-04-21,313,157,470,58
WS08,16,70,2012-04-21,215,108,323,35
WS09,2,10,2012-04-21,13,7,20,8
WS09,2,17,2012-04-21,38,19,57,16
WS09,2,70,2012-04-21,57,29,86,18
WS10,8,10,2012-04-21,,,,
WS10,8,17,2012-04-21,,,,
WS10,8,70,2012-04-21,82,41,123,69
WS06,32,10,2012-05-07,208,46,253,9
WS06,32,17,2012-05-07,143,53,196,11
WS06,32,70,2012-05-07,233,54,287,14
WS07,128,10,2012-05-07,301,231,532,3
WS07,128,17,2012-05-07,189,160,350,6
WS07,128,70,2012-05-07,413,238,651,9
WS08,16,10,2012-05-07,131,96,226,
WS08,16,17,2012-05-07,205,144,349,44
WS08,16,70,2012-05-07,461,175,637,71
WS09,2,10,2012-05-07,13,17,30,51
WS09,2,17,2012-05-07,16,41,57,33
WS09,2,70,2012-05-07,125,20,146,62
WS10,8,10,2012-05-07,129,39,168,31
WS10,8,17,2012-05-07,54,45,99,31
WS10,8,70,2012-05-07,167,91,258,161
WS06,32,10,2012-05-17,146,11,157,15
WS06,32,17,2012-05-17,125,43,169,12
WS06,32,70,2012-05-17,191,11,202,17
WS07,128,10,2012-05-17,111,121,232,
WS07,128,17,2012-05-17,204,154,357,14
WS07,128,70,2012-05-17,301,111,412,9
WS08,16,10,2012-05-17,29,34,63,6
WS08,16,17,2012-05-17,57,45,102,19
WS08,16,70,2012-05-17,91,62,153,21
WS09,2,10,2012-05-17,34,9,43,6
WS09,2,17,2012-05-17,8,9,17,9
WS09,2,70,2012-05-17,14,14,29,33
WS10,8,10,2012-05-17,106,30,136,34
WS10,8,17,2012-05-17,130,47,178,31
WS10,8,70,2012-05-17,156,11,168,24
WS06,32,10,2012-05-31,196,48,244,15
WS06,32,17,2012-05-31,207,70,277,22
WS06,32,70,2012-05-31,253,160,414,24
WS07,128,10,2012-05-31,98,70,168,8
WS07,128,17,2012-05-31,52,66,118,9
WS07,128,70,2012-05-31,323,158,482,17
WS08,16,10,2012-05-31,79,64,142,27
WS08,16,17,2012-05-31,35,49,84,
WS08,16,70,2012-05-31,174,85,259,
WS09,2,10,2012-05-31,24,24,48,5
WS09,2,17,2012-05-31,12,10,22,15
WS09,2,70,2012-05-31,26,41,67,28
WS10,8,10,2012-05-31,43,43,86,12
WS10,8,17,2012-05-31,80,35,115,13
WS10,8,70,2012-05-31,108,0,108,26
WS06,32,10,2012-06-15,83,30,113,14
WS06,32,17,2012-06-15,39,11,49,16
WS06,32,70,2012-06-15,155,7,162,26
WS07,128,10,2012-06-15,49,42,91,12
WS07,128,17,2012-06-15,137,93,230,9
WS07,128,70,2012-06-15,175,81,256,11
WS08,16,10,2012-06-15,32,18,50,14
WS08,16,17,2012-06-15,38,0,38,20
WS08,16,70,2012-06-15,87,48,134,22
WS09,2,10,2012-06-15,8,1,9,22
WS09,2,17,2012-06-15,18,20,38,12
WS09,2,70,2012-06-15,8,26,33,17
WS10,8,10,2012-06-15,25,24,48,13
WS10,8,17,2012-06-15,78,12,91,18
WS10,8,70,2012-06-15,102,32,134,34
WS06,32,10,2012-07-01,253,167,420,18
WS06,32,17,2012-07-01,118,18,136,20
WS06,32,70,2012-07-01,320,82,402,13
WS07,128,10,2012-07-01,463,439,902,20
WS07,128,17,2012-07-01,533,462,995,17
WS07,128,70,2012-07-01,734,54,788,
WS08,16,10,2012-07-01,438,413,850,84
WS08,16,17,2012-07-01,416,562,978,80
WS08,16,70,2012-07-01,,,,70
WS09,2,10,2012-07-01,20,2,23,18
WS09,2,17,2012-07-01,41,10,51,18
WS09,2,70,2012-07-01,24,2,26,22
WS10,8,10,2012-07-01,59,19,78,18
WS10,8,17,2012-07-01,58,3,61,9
WS10,8,70,2012-07-01,78,17,95,
WS06,32,25,2012-07-15,92,0,92,
WS06,32,50,2012-07-15,124,2,126,
WS07,128,25,2012-07-15,167,96,263,
WS07,128,50,2012-07-15,91,98,189,
WS08,16,25,2012-07-15,66,1,67,
WS08,16,50,2012-07-15,34,0,34,
WS09,2,25,2012-07-15,89,0,89,
WS09,2,50,2012-07-15,18,39,57,
WS10,8,25,2012-07-15,135,0,135,
WS10,8,50,2012-07-15,74,1,75,
WS06,32,10,2012-08-14,128,40,169,8
WS06,32,17,2012-08-14,125,27,152,10
WS06,32,70,2012-08-14,184,34,217,22
WS07,128,10,2012-08-14,79,86,165,9
WS07,128,17,2012-08-14,259,265,524,11
WS07,128,70,2012-08-14,233,114,347,10
WS08,16,10,2012-08-14,309,351,661,75
WS08,16,17,2012-08-14,338,320,658,75
WS08,16,70,2012-08-14,232,71,304,52
WS09,2,10,2012-08-14,18,34,52,38
WS09,2,17,2012-08-14,33,44,77,16
WS09,2,70,2012-08-14,33,20,52,67
WS10,8,10,2012-08-14,101,57,157,12
WS10,8,17,2012-08-14,114,41,155,24
WS10,8,70,2012-08-14,350,238,588,108
WS06,32,10,2012-08-27,149,1,150,7
WS06,32,17,2012-08-27,153,0,153,2
WS06,32,70,2012-08-27,292,23,315,16
WS07,128,10,2012-08-27,202,159,360,4
WS07,128,17,2012-08-27,396,300,696,6
WS07,128,70,2012-08-27,651,91,742,2
WS08,16,10,2012-08-27,473,296,769,80
WS08,16,17,2012-08-27,459,307,766,95
WS08,16,70,2012-08-27,998,170,1168,73
WS09,2,10,2012-08-27,13,12,25,2
WS09,2,17,2012-08-27,19,0,20,4
WS09,2,70,2012-08-27,44,13,57,61
WS10,8,10,2012-08-27,59,0,59,2
WS10,8,17,2012-08-27,61,0,61,15
WS10,8,70,2012-08-27,85,0,85,21
WS06,32,10,2012-09-06,213,137,350,23
WS06,32,17,2012-09-06,140,98,239,35
WS06,32,70,2012-09-06,255,27,282,15
WS07,128,10,2012-09-06,112,106,219,5
WS07,128,17,2012-09-06,218,272,491,6
WS07,128,70,2012-09-06,244,115,359,14
WS08,16,10,2012-09-06,444,597,1041,105
WS08,16,17,2012-09-06,517,412,929,81
WS08,16,70,2012-09-06,266,186,452,60
WS09,2,10,2012-09-06,14,216,230,5
WS09,2,17,2012-09-06,40,53,93,25
WS09,2,70,2012-09-06,56,134,190,72
WS10,8,10,2012-09-06,39,28,67,13
WS10,8,17,2012-09-06,67,96,163,9
WS10,8,70,2012-09-06,85,174,259,17
WS06,32,10,2012-09-19,161,9,170,3
WS06,32,17,2012-09-19,129,2,132,2
WS06,32,70,2012-09-19,243,51,294,9
WS07,128,10,2012-09-19,36,14,50,5
WS07,128,17,2012-09-19,75,36,110,2
WS07,128,70,2012-09-19,232,152,384,5
WS08,16,10,2012-09-19,138,95,233,5
WS08,16,17,2012-09-19,184,136,320,4
WS08,16,70,2012-09-19,302,161,463,8
WS09,2,10,2012-09-19,18,0,18,7
WS09,2,17,2012-09-19,22,42,63,10
WS09,2,70,2012-09-19,39,24,62,54
WS10,8,10,2012-09-19,133,24,157,29
WS10,8,17,2012-09-19,117,28,145,14
WS10,8,70,2012-09-19,132,43,175,20
WS06,32,10,2012-10-11,81,12,93,13
WS06,32,17,2012-10-11,113,4,117,9
WS06,32,70,2012-10-11,55,4,59,12
WS07,128,10,2012-10-11,118,120,237,4
WS07,128,17,2012-10-11,164,162,325,5
WS07,128,70,2012-10-11,153,75,227,3
WS08,16,10,2012-10-11,4,1,5,4
WS08,16,17,2012-10-11,6,2,8,7
WS08,16,70,2012-10-11,248,156,404,38
WS09,2,10,2012-10-11,53,18,71,32
WS09,2,17,2012-10-11,67,27,95,44
WS09,2,70,2012-10-11,47,10,57,57
WS10,8,10,2012-10-11,76,0,76,5
WS10,8,17,2012-10-11,79,0,79,10
WS10,8,70,2012-10-11,122,6,128,23
WS06,32,10,2012-10-22,86,7,93,3
WS06,32,17,2012-10-22,103,13,116,4
WS06,32,70,2012-10-22,243,48,291,5
WS07,128,10,2012-10-22,118,104,223,2
WS07,128,17,2012-10-22,127,124,251,3
WS07,128,70,2012-10-22,406,163,569,5
WS08,16,10,2012-10-22,101,75,176,
WS08,16,17,2012-10-22,83,99,181,9
WS08,16,70,2012-10-22,503,260,763,35
WS09,2,10,2012-10-22,23,3,26,52
WS09,2,17,2012-10-22,51,34,85,100
WS09,2,70,2012-10-22,71,2,73,111
WS10,8,10,2012-10-22,35,10,45,5
WS10,8,17,2012-10-22,68,13,81,16
WS10,8,70,2012-10-22,138,52,190,63
WS06,32,10,2012-11-08,230,62,292,27
WS06,32,17,2012-11-08,106,28,133,11
WS06,32,70,2012-11-08,292,17,308,32
WS07,128,10,2012-11-08,103,138,241,12
WS07,128,17,2012-11-08,247,186,434,13
WS07,128,70,2012-11-08,277,77,354,8
WS08,16,10,2012-11-08,96,64,160,36
WS08,16,17,2012-11-08,156,86,243,49
WS08,16,70,2012-11-08,288,122,410,93
WS09,2,10,2012-11-08,92,76,168,
WS09,2,17,2012-11-08,100,73,173,
WS09,2,70,2012-11-08,80,11,90,150
WS10,8,10,2012-11-08,49,30,80,49
WS10,8,17,2012-11-08,56,15,71,63
WS10,8,70,2012-11-08,159,48,207,104
WS06,32,10,2012-11-20,116,17,132,3
WS06,32,17,2012-11-20,181,30,211,10
WS06,32,70,2012-11-20,473,35,508,32
WS07,128,10,2012-11-20,209,157,366,9
WS07,128,17,2012-11-20,225,133,358,8
WS07,128,70,2012-11-20,694,206,900,6
WS08,16,10,2012-11-20,31,31,62,18
WS08,16,17,2012-11-20,68,35,103,23
WS08,16,70,2012-11-20,721,260,980,73
WS09,2,10,2012-11-20,6,5,11,11
WS09,2,17,2012-11-20,17,8,26,36
WS09,2,70,2012-11-20,112,29,141,129
WS10,8,10,2012-11-20,120,68,188,66
WS10,8,17,2012-11-20,167,116,283,102
WS10,8,70,2012-11-20,207,55,262,85
WS06,32,10,2012-12-03,147,7,154,8
WS06,32,17,2012-12-03,124,8,132,5
WS06,32,70,2012-12-03,312,8,320,8
WS07,128,10,2012-12-03,234,145,379,3
WS07,128,17,2012-12-03,324,162,486,4
WS07,128,70,2012-12-03,,,,3
WS08,16,10,2012-12-03,155,81,236,24
WS08,16,17,2012-12-03,245,139,384,39
WS08,16,70,2012-12-03,846,174,1020,
WS09,2,10,2012-12-03,13,1,14,33
WS09,2,17,2012-12-03,58,20,77,64
WS09,2,70,2012-12-03,173,0,173,129
WS10,8,10,2012-12-03,69,2,71,8
WS10,8,17,2012-12-03,42,2,43,14
WS10,8,70,2012-12-03,170,39,209,89
WS06,32,10,2012-12-19,324,72,396,38
WS06,32,17,2012-12-19,232,58,290,28
WS06,32,70,2012-12-19,422,25,446,27
WS07,128,10,2012-12-19,85,12,97,5
WS07,128,17,2012-12-19,86,20,107,7
WS07,128,70,2012-12-19,357,89,447,10
WS08,16,10,2012-12-19,107,57,164,43
WS08,16,17,2012-12-19,132,66,198,50
WS08,16,70,2012-12-19,735,198,932,
WS09,2,10,2012-12-19,43,15,57,66
WS09,2,17,2012-12-19,101,61,162,
WS09,2,70,2012-12-19,,,,110
WS10,8,10,2012-12-19,85,2,87,14
WS10,8,17,2012-12-19,108,1,109,20
WS10,8,70,2012-12-19,290,87,376,150
WS06,32,10,2013-01-04,264,77,341,15
WS06,32,17,2013-01-04,50,39,89,8
WS06,32,70,2013-01-04,160,14,174,18
WS07,128,10,2013-01-04,64,45,109,7
WS07,128,17,2013-01-04,118,114,232,7
WS07,128,70,2013-01-04,237,124,361,7
WS08,16,10,2013-01-04,56,41,97,25
WS08,16,17,2013-01-04,149,77,226,31
WS08,16,70,2013-01-04,350,177,526,68
WS09,2,10,2013-01-04,8,1,10,12
WS09,2,17,2013-01-04,17,19,36,45
WS09,2,70,2013-01-04,46,22,68,133
WS10,8,10,2013-01-04,109,1,110,15
WS10,8,17,2013-01-04,195,43,238,59
WS10,8,70,2013-01-04,235,103,337,124
WS06,32,10,2013-01-18,,,,20
WS06,32,17,2013-01-18,,,,
WS06,32,70,2013-01-18,,,,
WS07,128,10,2013-01-18,85,62,147,4
WS07,128,17,2013-01-18,113,78,191,6
WS07,128,70,2013-01-18,133,67,200,8
WS08,16,10,2013-01-18,94,8,103,6
WS08,16,17,2013-01-18,84,12,96,5
WS08,16,70,2013-01-18,133,48,181,13
WS09,2,10,2013-01-18,27,18,45,
WS09,2,17,2013-01-18,21,35,56,
WS09,2,70,2013-01-18,42,16,57,
WS10,8,10,2013-01-18,227,5,232,2
WS10,8,17,2013-01-18,225,18,243,3
WS10,8,70,2013-01-18,206,10,216,5
WS06,32,10,2013-01-31,74,7,81,17
WS06,32,17,2013-01-31,343,17,361,18
WS06,32,70,2013-01-31,48,3,51,11
WS07,128,10,2013-01-31,73,5,78,1
WS07,128,17,2013-01-31,67,6,73,9
WS07,128,70,2013-01-31,25,18,43,5
WS08,16,10,2013-01-31,27,4,30,4
WS08,16,17,2013-01-31,26,3,29,5
WS08,16,70,2013-01-31,60,1,61,10
WS09,2,10,2013-01-31,15,1,16,39
WS09,2,17,2013-01-31,19,1,20,91
WS09,2,70,2013-01-31,137,83,219,157
WS10,8,10,2013-01-31,209,1,209,2
WS10,8,17,2013-01-31,107,14,121,2
WS10,8,70,2013-01-31,73,2,75,2
WS06,32,10,2013-02-11,119,0,119,7
WS06,32,17,2013-02-11,226,0,226,8
WS06,32,70,2013-02-11,189,0,189,20
WS07,128,10,2013-02-11,40,0,40,3
WS07,128,17,2013-02-11,107,29,135,2
WS07,128,70,2013-02-11,78,4,82,4
WS08,16,10,2013-02-11,73,31,104,9
WS08,16,17,2013-02-11,26,0,26,9
WS08,16,70,2013-02-11,40,0,40,16
WS09,2,10,2013-02-11,8,0,8,8
WS09,2,17,2013-02-11,14,0,14,61
WS09,2,70,2013-02-11,23,0,23,60
WS10,8,10,2013-02-11,19,0,19,19
WS10,8,17,2013-02-11,57,0,57,18
WS10,8,70,2013-02-11,48,0,48,33
WS06,32,10,2013-02-26,210,1,210,11
WS06,32,17,2013-02-26,240,0,240,7
WS06,32,70,2013-02-26,211,11,221,11
WS07,128,10,2013-02-26,128,6,133,4
WS07,128,17,2013-02-26,120,0,120,2
WS07,128,70,2013-02-26,111,7,119,9
WS08,16,10,2013-02-26,0,0,0,4
WS08,16,17,2013-02-26,122,0,122,5
WS08,16,70,2013-02-26,121,1,122,11
WS09,2,10,2013-02-26,15,0,15,15
WS09,2,17,2013-02-26,59,26,85,72
WS09,2,70,2013-02-26,91,39,130,153
WS10,8,10,2013-02-26,87,0,87,16
WS10,8,17,2013-02-26,112,0,112,16
WS10,8,70,2013-02-26,117,15,132,48
WS06,32,10,2013-03-12,327,108,435,19
WS06,32,17,2013-03-12,241,71,311,18
WS06,32,70,2013-03-12,243,100,343,1
WS07,128,10,2013-03-12,72,7,79,1
WS07,128,17,2013-03-12,94,12,106,3
WS07,128,70,2013-03-12,105,18,122,4
WS08,16,10,2013-03-12,42,22,65,9
WS08,16,17,2013-03-12,89,36,125,15
WS08,16,70,2013-03-12,122,40,161,19
WS09,2,10,2013-03-12,29,17,46,25
WS09,2,17,2013-03-12,48,29,77,14
WS09,2,70,2013-03-12,56,25,81,51
WS10,8,10,2013-03-12,93,15,108,22
WS10,8,17,2013-03-12,122,24,146,27
WS10,8,70,2013-03-12,105,24,129,22
WS06,32,10,2013-03-26,35,11,46,10
WS06,32,17,2013-03-26,51,13,64,
WS06,32,70,2013-03-26,135,55,189,32
WS07,128,10,2013-03-26,73,42,115,4
WS07,128,17,2013-03-26,129,83,212,6
WS07,128,70,2013-03-26,258,200,458,7
WS08,16,10,2013-03-26,80,33,113,12
WS08,16,17,2013-03-26,55,13,68,13
WS08,16,70,2013-03-26,35,29,64,18
WS09,2,10,2013-03-26,10,0,10,9
WS09,2,17,2013-03-26,18,13,31,21
WS09,2,70,2013-03-26,32,0,32,14
WS10,8,10,2013-03-26,25,3,28,4
WS10,8,17,2013-03-26,22,5,27,6
WS10,8,70,2013-03-26,72,7,79,23
WS06,32,10,2013-04-10,213,51,264,15
WS06,32,17,2013-04-10,135,63,198,23
WS06,32,70,2013-04-10,217,74,291,35
WS07,128,10,2013-04-10,210,144,353,9
WS07,128,17,2013-04-10,287,233,520,12
WS07,128,70,2013-04-10,541,387,928,29
WS08,16,10,2013-04-10,44,28,72,12
WS08,16,17,2013-04-10,66,43,109,18
WS08,16,70,2013-04-10,269,112,381,53
WS09,2,10,2013-04-10,10,5,16,6
WS09,2,17,2013-04-10,20,14,34,16
WS09,2,70,2013-04-10,46,10,56,52
WS10,8,10,2013-04-10,67,20,87,22
WS10,8,17,2013-04-10,80,16,96,29
WS10,8,70,2013-04-10,95,27,122,52
WS06,32,10,2013-04-25,125,41,167,
WS06,32,17,2013-04-25,186,2,188,19
WS06,32,70,2013-04-25,174,77,251,21
WS07,128,10,2013-04-25,38,10,48,5
WS07,128,17,2013-04-25,70,25,95,
WS07,128,70,2013-04-25,98,31,129,3
WS08,16,10,2013-04-25,22,0,22,8
WS08,16,17,2013-04-25,88,114,202,25
WS08,16,70,2013-04-25,220,103,324,47
WS09,2,10,2013-04-25,7,0,7,36
WS09,2,17,2013-04-25,21,3,23,133
WS09,2,70,2013-04-25,43,45,88,
WS10,8,10,2013-04-25,163,42,205,119
WS10,8,17,2013-04-25,131,12,143,14
WS10,8,70,2013-04-25,85,36,121,42
WS06,32,10,2013-05-10,218,6,224,12
WS06,32,17,2013-05-10,165,87,252,7
WS06,32,70,2013-05-10,162,15,177,14
WS07,128,10,2013-05-10,74,17,91,0
WS07,128,17,2013-05-10,53,46,99,3
WS07,128,70,2013-05-10,108,103,211,5
WS08,16,10,2013-05-10,69,20,89,19
WS08,16,17,2013-05-10,129,101,231,24
WS08,16,70,2013-05-10,158,83,241,43
WS09,2,10,2013-05-10,42,0,42,8
WS09,2,17,2013-05-10,22,0,22,30
WS09,2,70,2013-05-10,65,14,79,97
WS10,8,10,2013-05-10,104,103,207,6
WS10,8,17,2013-05-10,155,31,186,20
WS10,8,70,2013-05-10,116,21,136,34
WS06,32,10,2013-05-24,263,31,294,8
WS06,32,17,2013-05-24,175,17,192,4
WS06,32,70,2013-05-24,210,60,269,20
WS07,128,10,2013-05-24,64,68,132,8
WS07,128,17,2013-05-24,41,36,77,7
WS07,128,70,2013-05-24,471,344,815,13
WS08,16,10,2013-05-24,68,85,153,23
WS08,16,17,2013-05-24,78,72,150,29
WS08,16,70,2013-05-24,191,88,279,49
WS09,2,10,2013-05-24,35,27,63,36
WS09,2,17,2013-05-24,28,16,45,45
WS09,2,70,2013-05-24,61,34,95,87
WS10,8,10,2013-05-24,138,31,169,7
WS10,8,17,2013-05-24,246,68,314,53
WS10,8,70,2013-05-24,96,35,130,43
WS06,32,10,2013-06-07,202,65,267,6
WS06,32,17,2013-06-07,78,22,100,7
WS06,32,70,2013-06-07,230,36,266,15
WS07,128,10,2013-06-07,69,15,84,2
WS07,128,17,2013-06-07,38,8,46,5
WS07,128,70,2013-06-07,67,7,74,5
WS08,16,10,2013-06-07,72,58,130,17
WS08,16,17,2013-06-07,109,76,185,3
WS08,16,70,2013-06-07,125,37,162,28
WS09,2,10,2013-06-07,40,51,91,26
WS09,2,17,2013-06-07,,,,135
WS09,2,70,2013-06-07,15,6,21,34
WS10,8,10,2013-06-07,41,14,55,5
WS10,8,17,2013-06-07,123,55,178,29
WS10,8,70,2013-06-07,59,14,73,27
WS10,8,70,2013-06-07,59,14,73,27
WS06,32,10,2013-06-24,123,55,178,24
WS06,32,17,2013-06-24,128,48,177,8
WS06,32,70,2013-06-24,195,90,285,22
WS07,128,10,2013-06-24,45,28,73,1
WS07,128,17,2013-06-24,68,17,85,3
WS07,128,70,2013-06-24,49,87,136,5
WS08,16,10,2013-06-24,50,166,215,27
WS08,16,17,2013-06-24,79,142,220,27
WS08,16,70,2013-06-24,205,247,452,34
WS09,2,10,2013-06-24,33,45,78,13
WS09,2,17,2013-06-24,15,40,55,11
WS09,2,70,2013-06-24,16,143,159,40
WS10,8,10,2013-06-24,145,57,202,4
WS10,8,17,2013-06-24,66,30,95,6
WS10,8,70,2013-06-24,97,38,135,15
WS10,8,70,2013-06-24,97,38,135,15
WS06,32,10,2013-07-08,139,11,151,14
WS06,32,17,2013-07-08,117,14,131,11
WS06,32,70,2013-07-08,194,28,222,10
WS07,128,10,2013-07-08,4,4,7,6
WS07,128,17,2013-07-08,33,4,37,7
WS07,128,70,2013-07-08,30,6,36,4
WS08,16,10,2013-07-08,53,4,57,5
WS08,16,17,2013-07-08,35,5,40,5
WS08,16,70,2013-07-08,85,49,134,25
WS09,2,10,2013-07-08,21,9,30,32
WS09,2,17,2013-07-08,28,15,43,59
WS09,2,70,2013-07-08,25,13,38,60
WS10,8,10,2013-07-08,95,1,96,1
WS10,8,17,2013-07-08,149,1,151,1
WS10,8,70,2013-07-08,141,1,142,24
WS10,8,70,2013-07-08,141,1,142,24
WS06,32,10,2013-07-22,195,43,238,20
WS06,32,17,2013-07-22,166,27,193,8
WS06,32,70,2013-07-22,128,17,146,8
WS07,128,10,2013-07-22,117,80,197,4
WS07,128,17,2013-07-22,95,94,189,12
WS07,128,70,2013-07-22,373,361,734,20
WS08,16,10,2013-07-22,28,27,54,7
WS08,16,17,2013-07-22,45,23,68,59
WS08,16,70,2013-07-22,203,79,282,41
WS09,2,10,2013-07-22,52,27,80,16
WS09,2,17,2013-07-22,80,58,138,135
WS09,2,70,2013-07-22,5,9,14,52
WS10,8,10,2013-07-22,111,32,144,31
WS10,8,17,2013-07-22,113,48,160,77
WS10,8,70,2013-07-22,75,59,133,73
WS10,8,70,2013-07-22,75,59,133,
